"datasetid","keyword"
1,movement of inorganic matter
1,movement of organic matter
1,primary production
2,movement of organic matter
3,disturbance patterns
3,movement of inorganic matter
3,movement of organic matter
4,movement of inorganic matter
5,movement of inorganic matter
6,primary production
8,disturbance patterns
9,primary production
11,movement of organic matter
12,movement of organic matter
12,primary production
13,movement of organic matter
13,primary production
14,movement of inorganic matter
15,movement of organic matter
17,movement of inorganic matter
17,movement of organic matter
18,movement of organic matter
20,movement of inorganic matter
20,movement of organic matter
20,primary production
23,movement of inorganic matter
23,movement of organic matter
